{"born_at": 1562718111.014934, "epochs_lived": 3039, "epochs_trained": 2975, "rewards": {"best": 1.0725274725274725, "worst": -3e+19}}